{"name":"AmaKart","classpathEntries":[{"kind":"binary","path":"C:\\Program Files\\Java\\jdk1.8.0_231\\jre\\lib\\resources.jar","javadocContainerUrl":"https://docs.oracle.com/javase/1/docs/api/","isSystem":true,"isOwn":false,"isTest":false,"isJavaContent":false},{"kind":"binary","path":"C:\\Program Files\\Java\\jdk1.8.0_231\\jre\\lib\\rt.jar","javadocContainerUrl":"https://docs.oracle.com/javase/1/docs/api/","isSystem":true,"isOwn":false,"isTest":false,"isJavaContent":false},{"kind":"binary","path":"C:\\Program Files\\Java\\jdk1.8.0_231\\jre\\lib\\jsse.jar","javadocContainerUrl":"https://docs.oracle.com/javase/1/docs/api/","isSystem":true,"isOwn":false,"isTest":false,"isJavaContent":false},{"kind":"binary","path":"C:\\Program Files\\Java\\jdk1.8.0_231\\jre\\lib\\jce.jar","javadocContainerUrl":"https://docs.oracle.com/javase/1/docs/api/","isSystem":true,"isOwn":false,"isTest":false,"isJavaContent":false},{"kind":"binary","path":"C:\\Program Files\\Java\\jdk1.8.0_231\\jre\\lib\\charsets.jar","javadocContainerUrl":"https://docs.oracle.com/javase/1/docs/api/","isSystem":true,"isOwn":false,"isTest":false,"isJavaContent":false},{"kind":"binary","path":"C:\\Program Files\\Java\\jdk1.8.0_231\\jre\\lib\\jfr.jar","javadocContainerUrl":"https://docs.oracle.com/javase/1/docs/api/","isSystem":true,"isOwn":false,"isTest":false,"isJavaContent":false},{"kind":"binary","path":"C:\\Users\\Deepak_Arora\\.m2\\repository\\org\\junit\\jupiter\\junit-jupiter-engine\\5.5.2\\junit-jupiter-engine-5.5.2.jar","sourceContainerUrl":"file:/C:/Users/Deepak_Arora/.m2/repository/org/junit/jupiter/junit-jupiter-engine/5.5.2/junit-jupiter-engine-5.5.2-sources.jar","javadocContainerUrl":"file:/C:/Users/Deepak_Arora/.m2/repository/org/junit/jupiter/junit-jupiter-engine/5.5.2/junit-jupiter-engine-5.5.2-javadoc.jar","isSystem":false,"isOwn":false,"isTest":false,"isJavaContent":false},{"kind":"binary","path":"C:\\Users\\Deepak_Arora\\.m2\\repository\\org\\apiguardian\\apiguardian-api\\1.1.0\\apiguardian-api-1.1.0.jar","sourceContainerUrl":"file:/C:/Users/Deepak_Arora/.m2/repository/org/apiguardian/apiguardian-api/1.1.0/apiguardian-api-1.1.0-sources.jar","javadocContainerUrl":"file:/C:/Users/Deepak_Arora/.m2/repository/org/apiguardian/apiguardian-api/1.1.0/apiguardian-api-1.1.0-javadoc.jar","isSystem":false,"isOwn":false,"isTest":false,"isJavaContent":false},{"kind":"binary","path":"C:\\Users\\Deepak_Arora\\.m2\\repository\\org\\junit\\platform\\junit-platform-engine\\1.5.2\\junit-platform-engine-1.5.2.jar","sourceContainerUrl":"file:/C:/Users/Deepak_Arora/.m2/repository/org/junit/platform/junit-platform-engine/1.5.2/junit-platform-engine-1.5.2-sources.jar","javadocContainerUrl":"file:/C:/Users/Deepak_Arora/.m2/repository/org/junit/platform/junit-platform-engine/1.5.2/junit-platform-engine-1.5.2-javadoc.jar","isSystem":false,"isOwn":false,"isTest":false,"isJavaContent":false},{"kind":"binary","path":"C:\\Users\\Deepak_Arora\\.m2\\repository\\org\\junit\\jupiter\\junit-jupiter-api\\5.5.2\\junit-jupiter-api-5.5.2.jar","sourceContainerUrl":"file:/C:/Users/Deepak_Arora/.m2/repository/org/junit/jupiter/junit-jupiter-api/5.5.2/junit-jupiter-api-5.5.2-sources.jar","javadocContainerUrl":"file:/C:/Users/Deepak_Arora/.m2/repository/org/junit/jupiter/junit-jupiter-api/5.5.2/junit-jupiter-api-5.5.2-javadoc.jar","isSystem":false,"isOwn":false,"isTest":false,"isJavaContent":false},{"kind":"binary","path":"C:\\Users\\Deepak_Arora\\.m2\\repository\\org\\opentest4j\\opentest4j\\1.2.0\\opentest4j-1.2.0.jar","sourceContainerUrl":"file:/C:/Users/Deepak_Arora/.m2/repository/org/opentest4j/opentest4j/1.2.0/opentest4j-1.2.0-sources.jar","javadocContainerUrl":"file:/C:/Users/Deepak_Arora/.m2/repository/org/opentest4j/opentest4j/1.2.0/opentest4j-1.2.0-javadoc.jar","isSystem":false,"isOwn":false,"isTest":false,"isJavaContent":false},{"kind":"binary","path":"C:\\Users\\Deepak_Arora\\.m2\\repository\\org\\junit\\platform\\junit-platform-commons\\1.5.2\\junit-platform-commons-1.5.2.jar","sourceContainerUrl":"file:/C:/Users/Deepak_Arora/.m2/repository/org/junit/platform/junit-platform-commons/1.5.2/junit-platform-commons-1.5.2-sources.jar","javadocContainerUrl":"file:/C:/Users/Deepak_Arora/.m2/repository/org/junit/platform/junit-platform-commons/1.5.2/junit-platform-commons-1.5.2-javadoc.jar","isSystem":false,"isOwn":false,"isTest":false,"isJavaContent":false},{"kind":"binary","path":"C:\\Users\\Deepak_Arora\\.m2\\repository\\mysql\\mysql-connector-java\\8.0.19\\mysql-connector-java-8.0.19.jar","sourceContainerUrl":"file:/C:/Users/Deepak_Arora/.m2/repository/mysql/mysql-connector-java/8.0.19/mysql-connector-java-8.0.19-sources.jar","isSystem":false,"isOwn":false,"isTest":false,"isJavaContent":false},{"kind":"binary","path":"C:\\Users\\Deepak_Arora\\.m2\\repository\\com\\google\\protobuf\\protobuf-java\\3.6.1\\protobuf-java-3.6.1.jar","sourceContainerUrl":"file:/C:/Users/Deepak_Arora/.m2/repository/com/google/protobuf/protobuf-java/3.6.1/protobuf-java-3.6.1-sources.jar","javadocContainerUrl":"file:/C:/Users/Deepak_Arora/.m2/repository/com/google/protobuf/protobuf-java/3.6.1/protobuf-java-3.6.1-javadoc.jar","isSystem":false,"isOwn":false,"isTest":false,"isJavaContent":false},{"kind":"binary","path":"C:\\Users\\Deepak_Arora\\.m2\\repository\\org\\apache\\logging\\log4j\\log4j-core\\2.12.1\\log4j-core-2.12.1.jar","sourceContainerUrl":"file:/C:/Users/Deepak_Arora/.m2/repository/org/apache/logging/log4j/log4j-core/2.12.1/log4j-core-2.12.1-sources.jar","javadocContainerUrl":"file:/C:/Users/Deepak_Arora/.m2/repository/org/apache/logging/log4j/log4j-core/2.12.1/log4j-core-2.12.1-javadoc.jar","isSystem":false,"isOwn":false,"isTest":false,"isJavaContent":false},{"kind":"binary","path":"C:\\Users\\Deepak_Arora\\.m2\\repository\\org\\apache\\logging\\log4j\\log4j-api\\2.12.1\\log4j-api-2.12.1.jar","sourceContainerUrl":"file:/C:/Users/Deepak_Arora/.m2/repository/org/apache/logging/log4j/log4j-api/2.12.1/log4j-api-2.12.1-sources.jar","javadocContainerUrl":"file:/C:/Users/Deepak_Arora/.m2/repository/org/apache/logging/log4j/log4j-api/2.12.1/log4j-api-2.12.1-javadoc.jar","isSystem":false,"isOwn":false,"isTest":false,"isJavaContent":false},{"kind":"binary","path":"C:\\Users\\Deepak_Arora\\.m2\\repository\\javax\\servlet\\javax.servlet-api\\4.0.1\\javax.servlet-api-4.0.1.jar","sourceContainerUrl":"file:/C:/Users/Deepak_Arora/.m2/repository/javax/servlet/javax.servlet-api/4.0.1/javax.servlet-api-4.0.1-sources.jar","javadocContainerUrl":"file:/C:/Users/Deepak_Arora/.m2/repository/javax/servlet/javax.servlet-api/4.0.1/javax.servlet-api-4.0.1-javadoc.jar","isSystem":false,"isOwn":false,"isTest":false,"isJavaContent":false},{"kind":"binary","path":"C:\\Users\\Deepak_Arora\\.m2\\repository\\javax\\servlet\\jstl\\1.2\\jstl-1.2.jar","sourceContainerUrl":"file:/C:/Users/Deepak_Arora/.m2/repository/javax/servlet/jstl/1.2/jstl-1.2-sources.jar","isSystem":false,"isOwn":false,"isTest":false,"isJavaContent":false},{"kind":"binary","path":"C:\\Users\\Deepak_Arora\\.m2\\repository\\org\\mockito\\mockito-core\\3.3.0\\mockito-core-3.3.0.jar","sourceContainerUrl":"file:/C:/Users/Deepak_Arora/.m2/repository/org/mockito/mockito-core/3.3.0/mockito-core-3.3.0-sources.jar","javadocContainerUrl":"file:/C:/Users/Deepak_Arora/.m2/repository/org/mockito/mockito-core/3.3.0/mockito-core-3.3.0-javadoc.jar","isSystem":false,"isOwn":false,"isTest":false,"isJavaContent":false},{"kind":"binary","path":"C:\\Users\\Deepak_Arora\\.m2\\repository\\net\\bytebuddy\\byte-buddy\\1.10.5\\byte-buddy-1.10.5.jar","sourceContainerUrl":"file:/C:/Users/Deepak_Arora/.m2/repository/net/bytebuddy/byte-buddy/1.10.5/byte-buddy-1.10.5-sources.jar","javadocContainerUrl":"file:/C:/Users/Deepak_Arora/.m2/repository/net/bytebuddy/byte-buddy/1.10.5/byte-buddy-1.10.5-javadoc.jar","isSystem":false,"isOwn":false,"isTest":false,"isJavaContent":false},{"kind":"binary","path":"C:\\Users\\Deepak_Arora\\.m2\\repository\\net\\bytebuddy\\byte-buddy-agent\\1.10.5\\byte-buddy-agent-1.10.5.jar","sourceContainerUrl":"file:/C:/Users/Deepak_Arora/.m2/repository/net/bytebuddy/byte-buddy-agent/1.10.5/byte-buddy-agent-1.10.5-sources.jar","javadocContainerUrl":"file:/C:/Users/Deepak_Arora/.m2/repository/net/bytebuddy/byte-buddy-agent/1.10.5/byte-buddy-agent-1.10.5-javadoc.jar","isSystem":false,"isOwn":false,"isTest":false,"isJavaContent":false},{"kind":"binary","path":"C:\\Users\\Deepak_Arora\\.m2\\repository\\org\\objenesis\\objenesis\\2.6\\objenesis-2.6.jar","sourceContainerUrl":"file:/C:/Users/Deepak_Arora/.m2/repository/org/objenesis/objenesis/2.6/objenesis-2.6-sources.jar","javadocContainerUrl":"file:/C:/Users/Deepak_Arora/.m2/repository/org/objenesis/objenesis/2.6/objenesis-2.6-javadoc.jar","isSystem":false,"isOwn":false,"isTest":false,"isJavaContent":false},{"kind":"source","path":"C:\\Users\\Deepak_Arora\\Downloads\\24-2\\AmaKart\\src\\main\\java","outputFolder":"C:\\Users\\Deepak_Arora\\Downloads\\24-2\\AmaKart\\target\\classes","javadocContainerUrl":"file:/C:/Users/Deepak_Arora/Downloads/24-2/AmaKart/target/site/apidocs","isSystem":false,"isOwn":true,"isTest":false,"isJavaContent":true},{"kind":"source","path":"C:\\Users\\Deepak_Arora\\Downloads\\24-2\\AmaKart\\src\\test\\java","outputFolder":"C:\\Users\\Deepak_Arora\\Downloads\\24-2\\AmaKart\\target\\test-classes","javadocContainerUrl":"file:/C:/Users/Deepak_Arora/Downloads/24-2/AmaKart/target/site/apidocs","isSystem":false,"isOwn":true,"isTest":true,"isJavaContent":true},{"kind":"source","path":"C:\\Users\\Deepak_Arora\\Downloads\\24-2\\AmaKart\\src\\main\\resources","outputFolder":"C:\\Users\\Deepak_Arora\\Downloads\\24-2\\AmaKart\\target\\classes","isSystem":false,"isOwn":true,"isTest":false,"isJavaContent":false},{"kind":"source","path":"C:\\Users\\Deepak_Arora\\Downloads\\24-2\\AmaKart\\src\\test\\resources","outputFolder":"C:\\Users\\Deepak_Arora\\Downloads\\24-2\\AmaKart\\target\\test-classes","isSystem":false,"isOwn":true,"isTest":true,"isJavaContent":false},{"kind":"source","path":"C:\\Users\\Deepak_Arora\\Downloads\\24-2\\AmaKart\\src\\test\\java","outputFolder":"C:\\Users\\Deepak_Arora\\Downloads\\24-2\\AmaKart\\target\\test-classes","javadocContainerUrl":"file:/C:/Users/Deepak_Arora/Downloads/24-2/AmaKart/target/site/apidocs","isSystem":false,"isOwn":true,"isTest":false,"isJavaContent":false}]}